{
    "area":       [ 1, 1,           1,           1.974743319, 2.278875162],
    "delay":      [ 1, 1.25268817,  1.562502831, 1.959590643, 2.464222503],
    "energy":     [ 1, 1,           1,           1.577656676, 1.949494949],
    "edp":        [ 1, 1.075268817, 1.132502831, 1.845212486, 2.464595385],
    "power":      [ 1, 1,           1,           1.497716895, 1.749333333],
    "throughput": [ 1, 0.925925926, 0.883392226, 0.851788756, 0.788643533]
    }
